iter	R2	MAPE
0	-0.1398306099	0.1737542214
1	-0.134593033	0.1731065401
2	-0.1259571925	0.1726189839
3	-0.1197213785	0.1721128045
4	-0.1107906049	0.1713033866
5	-0.101760635	0.1704807904
6	-0.09289471292	0.1697900932
7	-0.08111650532	0.1689454788
8	-0.07424556962	0.1686570423
9	-0.06694365157	0.1678741091
10	-0.05445435309	0.1668812908
11	-0.05121537784	0.1664545163
12	-0.0457519272	0.1657401816
13	-0.03239184663	0.1645754939
14	-0.01998954716	0.1637085173
15	-0.01021568063	0.1627335432
16	-0.004298226723	0.1618490594
17	-0.001816984885	0.1614527515
18	0.008204558884	0.1604379057
19	0.01145996073	0.1600420096
20	0.0178788961	0.1590923392
21	0.02686414354	0.1581860557
22	0.03543875422	0.1571691023
23	0.04589345199	0.156546538
24	0.04760275231	0.1562928309
25	0.05250117953	0.1556624151
26	0.05909267573	0.1552018638
27	0.07315275852	0.1543208855
28	0.084658873	0.1535360725
29	0.09021767144	0.1529231034
30	0.09897745944	0.1525341005
31	0.1058731881	0.1516500005
32	0.1118365179	0.1509736159
33	0.1184494031	0.1502479786
34	0.1303694644	0.1494999388
35	0.132922285	0.1490991612
36	0.1391969145	0.1484536119
37	0.1421686105	0.1479779512
38	0.1472084053	0.1472646739
39	0.1540844493	0.1469080008
40	0.1593162372	0.1461510126
41	0.1688608626	0.1454812432
42	0.1737086034	0.1448522751
43	0.1858283093	0.1439747161
44	0.1964254129	0.1431313403
45	0.2056115742	0.1425724413
46	0.215224123	0.1415500091
47	0.2209054261	0.1409416169
48	0.2320183747	0.140115138
49	0.2381515554	0.1397805702
50	0.2421808122	0.1393873071
51	0.2520929163	0.1385937605
52	0.2627454096	0.137951172
53	0.2688640276	0.1372989964
54	0.2736999555	0.1366076579
55	0.2827060055	0.1360515463
56	0.2844351864	0.1356717841
57	0.2903922096	0.1348623629
58	0.2904038047	0.1348587731
59	0.3015878568	0.1338636966
60	0.3070443193	0.1331828418
61	0.3076345616	0.1331013641
62	0.3095492537	0.1328335388
63	0.3109747327	0.1325831321
64	0.3204406115	0.1319741466
65	0.329924197	0.1313487717
66	0.3355763882	0.1306889189
67	0.3403354503	0.130069947
68	0.3431169191	0.1294510272
69	0.3494058098	0.1287588852
70	0.3532464107	0.1281323926
71	0.3631083067	0.12746551
72	0.3657153372	0.1269096928
73	0.3675984057	0.1265881624
74	0.3743385767	0.126108546
75	0.3743706478	0.126103031
76	0.3838258954	0.1253939877
77	0.3895024129	0.1247258069
78	0.3953547875	0.1238590062
79	0.3983677293	0.1234144879
80	0.4076635163	0.1226802511
81	0.4119009885	0.1221407866
82	0.419176522	0.1216042844
83	0.4265190649	0.121123316
84	0.4336633781	0.1204495022
85	0.4362610089	0.1199803072
86	0.4401069919	0.1198027817
87	0.4429000468	0.1193420181
88	0.4474142704	0.1188364851
89	0.4501598917	0.1183028089
90	0.4592373195	0.1175888075
91	0.4633145636	0.1172611688
92	0.4711135222	0.1167578967
93	0.4782651139	0.1161560589
94	0.4801770118	0.1158561443
95	0.4820672388	0.1154448965
96	0.484470619	0.1150998613
97	0.4888279679	0.1145312046
98	0.4953521665	0.114038835
99	0.4981547128	0.1135295853
100	0.50250921	0.1129857808
101	0.5049536799	0.1124545125
102	0.5081422792	0.111917153
103	0.5115120272	0.1113819647
104	0.5185586342	0.1106645921
105	0.5213989036	0.1102939074
106	0.5289849706	0.1096414885
107	0.5358903886	0.1090931886
108	0.5375486678	0.1087889736
109	0.5400763514	0.1083064285
110	0.5427876221	0.1079920733
111	0.5450599683	0.1075160197
112	0.550866199	0.1070138529
113	0.5560682999	0.1064329
114	0.5614761468	0.1058981731
115	0.5637494517	0.1056435311
116	0.5646982427	0.1053591553
117	0.5680896991	0.1048093331
118	0.5684096929	0.1047465145
119	0.5743195547	0.1041926181
120	0.5773139588	0.1038241136
121	0.5835325142	0.103348644
122	0.5854344249	0.103088822
123	0.5890746796	0.102540535
124	0.5914887665	0.1021982171
125	0.5976656073	0.1016444472
126	0.6001338781	0.1012710698
127	0.6013231083	0.1009940527
128	0.603249804	0.1005208573
129	0.6076156915	0.1000218226
130	0.6081249803	0.09990315462
131	0.6113037185	0.09938709791
132	0.6159743865	0.09900208983
133	0.6185922485	0.09860358391
134	0.6208454384	0.09808958139
135	0.6226280079	0.09776307169
136	0.6261547289	0.09743193624
137	0.6289023212	0.09728920189
138	0.6298975202	0.0970359287
139	0.6318503952	0.09665403732
140	0.6339195865	0.09629017351
141	0.6366208176	0.09588346959
142	0.6385868577	0.09536537318
143	0.6402223073	0.09496651104
144	0.6410336313	0.09475156646
145	0.6432826578	0.094371687
146	0.6454016177	0.09394027585
147	0.6482694585	0.09339933151
148	0.6502556283	0.09297063547
149	0.6512193055	0.09279275562
150	0.6557518332	0.09232904461
151	0.6563919478	0.09216278942
152	0.6613425576	0.09168154758
153	0.6615392413	0.09162516301
154	0.6634849311	0.09112158981
155	0.6667924385	0.0908308006
156	0.6679529708	0.09056860677
157	0.6697769425	0.09018431443
158	0.6729907265	0.0897669
159	0.6744760525	0.0894532745
160	0.6776990403	0.08918984778
161	0.6807964279	0.08890266086
162	0.6822932963	0.08863246705
163	0.6865122709	0.08823270144
164	0.690330913	0.08777020034
165	0.6910437146	0.08758938575
166	0.6937052726	0.08730731566
167	0.6949533763	0.0869045509
168	0.6955933292	0.08670762231
169	0.6976674355	0.08628617778
170	0.7011840147	0.08603785826
171	0.7031831755	0.08566928148
172	0.7061394956	0.08533337022
173	0.7097026644	0.08499113694
174	0.7137771321	0.08456774798
175	0.7143521625	0.08452722773
176	0.7152438395	0.08427350176
177	0.7157761726	0.08414812069
178	0.7166252692	0.0838751651
179	0.7176926101	0.08363668414
180	0.7196937989	0.08334052904
181	0.7239322173	0.08294001294
182	0.7251640179	0.08258887686
183	0.7270196507	0.08222932556
184	0.7283431038	0.08196412221
185	0.7311210555	0.08177565847
186	0.7319842536	0.08152447047
187	0.7344413948	0.0812450046
188	0.7356733534	0.08101253301
189	0.7387078396	0.08060602868
190	0.738711076	0.08060221741
191	0.7393179321	0.08046381646
192	0.7415381199	0.08025208373
193	0.7438264919	0.07997941297
194	0.7465612266	0.07973669028
195	0.7471088307	0.07959711768
196	0.7499627437	0.07931482649
197	0.75235213	0.07903414354
198	0.7536129262	0.07881497189
199	0.755164764	0.07858235305
200	0.757287299	0.0784803789
201	0.7578867473	0.07831120871
202	0.7606091507	0.07797742702
203	0.7619324099	0.07770048294
204	0.7644526142	0.07739231629
205	0.7657334708	0.07709303681
206	0.7667717237	0.07688795222
207	0.7690566196	0.07657595668
208	0.7709735517	0.07634612829
209	0.7736101705	0.0760556367
210	0.7745756565	0.07577244912
211	0.7778180835	0.07541475855
212	0.7783502939	0.07524116873
213	0.7789380596	0.07506181221
214	0.779923144	0.07486826829
215	0.7826297851	0.07451094675
216	0.7837046259	0.07423804648
217	0.785899492	0.07406986866
218	0.7860852503	0.07397912701
219	0.7861988834	0.07392916202
220	0.7872348529	0.07374156317
221	0.7883766658	0.07345336105
222	0.7909276537	0.07309932641
223	0.7927251448	0.07291353651
224	0.7936604232	0.07269166575
225	0.7954778399	0.0724671632
226	0.7976295657	0.07230167814
227	0.7983806568	0.07214855866
228	0.8000010027	0.07194937326
229	0.8010496102	0.07173442158
230	0.8029282885	0.07156989801
231	0.8052340534	0.07123487623
232	0.8067378368	0.0709674716
233	0.8090882069	0.07072643461
234	0.8109015844	0.07056081773
235	0.8123072737	0.07035079444
236	0.8132117774	0.07019672292
237	0.8153582474	0.06999311377
238	0.8157270938	0.06986946929
239	0.8176341115	0.06953951463
240	0.8186180878	0.06927824199
241	0.8191295282	0.06906410025
242	0.8195801343	0.06893251537
243	0.8203469704	0.06876086019
244	0.8209483882	0.06860962716
245	0.8220094901	0.0683638266
246	0.8223915533	0.06823399206
247	0.8243050906	0.06796414841
248	0.824570516	0.06783928225
249	0.8258134406	0.06771809118
250	0.8265774131	0.06755334591
251	0.8267133113	0.06748664561
252	0.8271044836	0.06732900807
253	0.8287519166	0.06713979965
254	0.8294763994	0.06686848452
255	0.8305179363	0.06666477679
256	0.8317001556	0.06645704193
257	0.8320842366	0.06627515143
258	0.8338525699	0.0660806374
259	0.8346560652	0.06591458953
260	0.8346635566	0.06590737695
261	0.8351963621	0.06573532726
262	0.8364434082	0.06558736607
263	0.8384182497	0.06536547438
264	0.8389962261	0.06517800836
265	0.8394905197	0.06494048495
266	0.840157168	0.06477756227
267	0.8421443081	0.06449331423
268	0.8436002893	0.06422322366
269	0.8440155784	0.06412024354
270	0.8456690513	0.0638849934
271	0.8460148936	0.06377251943
272	0.8476323733	0.06357327311
273	0.8484242372	0.06331588507
274	0.849718176	0.06306172213
275	0.851525888	0.06272534728
276	0.8528335767	0.06252675597
277	0.8546074622	0.0622763573
278	0.8556143589	0.06207305714
279	0.8569712501	0.0619188516
280	0.8581985451	0.06178029917
281	0.8593449713	0.061562603
282	0.8602161395	0.0613341417
283	0.8616261763	0.06114256382
284	0.8620927949	0.06097474229
285	0.8628485018	0.06065404498
286	0.8640172192	0.0604047741
287	0.8644763475	0.06030413464
288	0.8656286635	0.06006466559
289	0.8673643962	0.0597304437
290	0.867659822	0.05960169038
291	0.8679565733	0.0594684627
292	0.8688265917	0.05923429488
293	0.8689919021	0.05914928617
294	0.8692052194	0.05905354004
295	0.869453738	0.05895914664
296	0.8700286291	0.05878066282
297	0.8714422498	0.05856228213
298	0.872191683	0.05840139212
299	0.8738158609	0.05814739091
300	0.8751402403	0.05798080044
301	0.8753388064	0.05788434119
302	0.8762345989	0.05772805829
303	0.8769351512	0.05766480385
304	0.8777895741	0.0575140035
305	0.8779608985	0.0574156428
306	0.8783964096	0.0573235606
307	0.8794881742	0.05718403592
308	0.8810288309	0.05692952283
309	0.8814368127	0.05676814519
310	0.8828785263	0.05651830861
311	0.8831013242	0.05643885435
312	0.8837296902	0.05631920032
313	0.8837798231	0.05628041198
314	0.8841749361	0.05620329799
315	0.8849622067	0.05600390724
316	0.8853356636	0.05582460917
317	0.8860180796	0.05571405121
318	0.8868742921	0.05561066113
319	0.8881806808	0.05535664593
320	0.888885137	0.05517187746
321	0.8890211928	0.05508209228
322	0.8900470245	0.05492974277
323	0.8902389002	0.0548229117
324	0.8911904977	0.05461703602
325	0.8923617729	0.0544310401
326	0.8925272164	0.05437846989
327	0.8932830461	0.05422252783
328	0.8936683582	0.0540613498
329	0.8943852884	0.05393908119
330	0.8955880474	0.05366548818
331	0.8957076966	0.05358441596
332	0.8959849118	0.05342081528
333	0.8963307618	0.05324286281
334	0.896928257	0.05311039833
335	0.8972234955	0.05304199845
336	0.8983713844	0.05288434811
337	0.8992359184	0.05273351532
338	0.9000479426	0.05261236701
339	0.9007261998	0.0524653544
340	0.9015822283	0.05229777999
341	0.9017451063	0.05222113349
342	0.9019363988	0.05214299439
343	0.9020400912	0.05208202274
344	0.902937135	0.05187376469
345	0.9032040036	0.05179577558
346	0.9033943584	0.05166446936
347	0.903599576	0.05155711881
348	0.9038279472	0.05143116231
349	0.9047562649	0.05122771662
350	0.9054890188	0.05104255585
351	0.9055821676	0.05097845977
352	0.9061911275	0.05077638706
353	0.9064895583	0.05064139687
354	0.90767191	0.05048021697
355	0.9080528399	0.05036414069
356	0.9085680392	0.05022652275
357	0.908858556	0.05014023986
358	0.9089459658	0.05008226737
359	0.9093868764	0.04991862569
360	0.9101806896	0.04984129373
361	0.9106014643	0.04980108958
362	0.9109918849	0.04976596825
363	0.911157469	0.04968245086
364	0.9114632315	0.04958689046
365	0.9117697394	0.04940190857
366	0.9123580152	0.04930882716
367	0.9126774644	0.04919494534
368	0.9131634422	0.04903176256
369	0.91350118	0.04894629494
370	0.9140720643	0.04884324684
371	0.9142087157	0.04878157115
372	0.9147309362	0.04869869562
373	0.9152248315	0.04860149991
374	0.9156417514	0.04845878629
375	0.9162133471	0.04829664643
376	0.9168503562	0.04821009313
377	0.9169403035	0.04815856512
378	0.9174896614	0.04808316977
379	0.9178333957	0.04798030736
380	0.9185076788	0.04780152352
381	0.9185604693	0.04775461804
382	0.9193226541	0.04765621715
383	0.9200017553	0.04750017856
384	0.9205675721	0.04739483352
385	0.920920461	0.04731942936
386	0.9212562455	0.0471228896
387	0.9217422588	0.04703595234
388	0.922049452	0.04694575418
389	0.9220603742	0.04693536312
390	0.922537414	0.04683420662
391	0.9231315068	0.04672451128
392	0.9236309536	0.04664402444
393	0.9236361469	0.04663660424
394	0.9237148932	0.04659183652
395	0.9240260171	0.0465425336
396	0.9241356659	0.04647001444
397	0.9246006828	0.04637717587
398	0.9248097178	0.04630116332
399	0.9251069171	0.0462260278
400	0.9258188682	0.04606577787
401	0.9260933126	0.04598009472
402	0.9263769906	0.04591565604
403	0.9266265254	0.04583418573
404	0.9268368864	0.04578536681
405	0.9273647888	0.045689843
406	0.9275912008	0.04562008774
407	0.9279568988	0.04552843972
408	0.928198938	0.04543317743
409	0.9285700954	0.04535390628
410	0.9286619551	0.0452880223
411	0.9290679595	0.04516203624
412	0.9293045477	0.04508520269
413	0.9297515084	0.04498719939
414	0.9298176579	0.0449351629
415	0.9298841057	0.04489180005
416	0.9299266803	0.04485782103
417	0.9300987335	0.04477675828
418	0.9302800642	0.04473253575
419	0.9307784269	0.04462068404
420	0.9312375245	0.04449458041
421	0.9314797997	0.04439837354
422	0.9315612945	0.04434286124
423	0.9317318896	0.04425928447
424	0.931816876	0.0441879634
425	0.9319821021	0.04412461208
426	0.9322461814	0.04403327171
427	0.932504846	0.04399884859
428	0.9329954161	0.0439239125
429	0.9330747036	0.04387316176
430	0.9333438151	0.04378819204
431	0.9339390768	0.04362315098
432	0.9340934354	0.04354575028
433	0.934095788	0.04354100353
434	0.9343207777	0.04346919888
435	0.934682634	0.04341412662
436	0.9349814765	0.04333199531
437	0.9350645713	0.0432977496
438	0.93514382	0.04326677114
439	0.9355412809	0.04316419345
440	0.9359853053	0.04309660064
441	0.9362555203	0.04297217697
442	0.9363563649	0.04293302024
443	0.9366330358	0.04280161954
444	0.9371668085	0.04268861353
445	0.9371822463	0.04267373351
446	0.9376485682	0.04251906904
447	0.9379406036	0.04239825653
448	0.938363168	0.04233375971
449	0.938515695	0.04223177731
450	0.9388353614	0.04217654145
451	0.939243137	0.04199947994
452	0.9394182313	0.04194054822
453	0.9397099124	0.04185906066
454	0.9399254946	0.04171301312
455	0.940034881	0.04166678255
456	0.9405579425	0.04155552452
457	0.9409311601	0.04145651294
458	0.9412913415	0.04137715943
459	0.9413565604	0.04131582741
460	0.9414478448	0.04126455858
461	0.9418575179	0.04117801471
462	0.9421101362	0.04109110569
463	0.942140669	0.04106475205
464	0.9422762816	0.04101550188
465	0.9425450848	0.0409380297
466	0.9427901705	0.0408564535
467	0.9430640984	0.04076143215
468	0.9432925354	0.0406655928
469	0.9436362336	0.04055286414
470	0.9439931641	0.04048511027
471	0.944426559	0.04038293205
472	0.944557508	0.04033966412
473	0.9445866745	0.04030561231
474	0.9447770329	0.04025617223
475	0.9451458116	0.04017046194
476	0.9454131318	0.0400546986
477	0.9455182836	0.03997734465
478	0.9458503645	0.0398777547
479	0.9459056238	0.03984572347
480	0.9462613555	0.03977140049
481	0.9464757576	0.03969905272
482	0.9468459635	0.03959595485
483	0.9469028646	0.03955050069
484	0.9469032438	0.03955001752
485	0.9471297213	0.03948977553
486	0.9475016945	0.0393746233
487	0.9475699663	0.03930732489
488	0.9475798138	0.03929149749
489	0.94800896	0.03918769547
490	0.9482786652	0.0391093752
491	0.9484166655	0.03904913494
492	0.9486291063	0.0389568659
493	0.9488036099	0.03888583092
494	0.9488813221	0.0388151123
495	0.9489286353	0.03879395892
496	0.9491921325	0.03873048798
497	0.9494653237	0.0385911458
498	0.9498393152	0.03849878874
499	0.9500558528	0.03845628312
500	0.9502512242	0.03838794044
501	0.9505282546	0.03832495018
502	0.9505711221	0.03828056243
503	0.9509193912	0.03819018247
504	0.9510885663	0.03810202563
505	0.9513234876	0.03803357789
506	0.9514928627	0.03799349918
507	0.9517172642	0.03785281496
508	0.9517902499	0.03779797646
509	0.9521905609	0.03767454589
510	0.9525024757	0.03757121498
511	0.9525915843	0.0375097053
512	0.9528220229	0.03738990094
513	0.9531137565	0.03732462028
514	0.9533844866	0.03724124711
515	0.9535433413	0.03717353831
516	0.9537424439	0.03709921426
517	0.9539211159	0.03703647044
518	0.9543629936	0.03685089754
519	0.9546217115	0.03678386443
520	0.9547179287	0.03672100387
521	0.954860474	0.03668577842
522	0.955068297	0.03664494387
523	0.9552456296	0.03656916237
524	0.9555638132	0.03650062059
525	0.9556695769	0.03641713245
526	0.955886015	0.03632644484
527	0.9560298193	0.03623963521
528	0.9561059056	0.03620094516
529	0.9562145572	0.03614712028
530	0.9564088751	0.03604647135
531	0.9564441609	0.03600780588
532	0.9566051479	0.0359428942
533	0.9566860464	0.03589675304
534	0.9568347728	0.03585334339
535	0.9570390407	0.0357351803
536	0.9572963932	0.03559258576
537	0.9575711122	0.03551329967
538	0.9578168736	0.03538352997
539	0.9579307269	0.03530703785
540	0.9580196932	0.03525412039
541	0.958172292	0.03519155721
542	0.9583673837	0.03515022934
543	0.9585017772	0.03507904155
544	0.958696814	0.03497815505
545	0.9589759027	0.03484647785
546	0.9591279747	0.03479959581
547	0.9592756156	0.03474149284
548	0.9592997768	0.03471702471
549	0.9593404358	0.03469546403
550	0.9594514269	0.03465884585
551	0.9595702389	0.03461377708
552	0.9598947243	0.03454554117
553	0.9600709952	0.0344750861
554	0.9601151514	0.0344329912
555	0.9603959123	0.03429010987
556	0.9606033566	0.03416328139
557	0.9606946763	0.03409270046
558	0.9607754057	0.03402274448
559	0.9609893393	0.03392475428
560	0.9610923435	0.03388586142
561	0.9611020284	0.03387323825
562	0.9612369601	0.03381276355
563	0.9613440977	0.03373968329
564	0.9614741189	0.03365391803
565	0.9615500992	0.03361712486
566	0.9615802982	0.03359601885
567	0.9618278179	0.03352603595
568	0.9619829631	0.03346363035
569	0.9619986434	0.03343730214
570	0.9621443042	0.03340181368
571	0.9623994245	0.03328425048
572	0.9625466459	0.03319955836
573	0.962831134	0.03306951118
574	0.962957615	0.03301863926
575	0.9631787802	0.03296308668
576	0.9634185709	0.03289754296
577	0.9634298475	0.03288759703
578	0.9636179906	0.03282920958
579	0.9637752914	0.03277799924
580	0.963951579	0.03273977493
581	0.9641263368	0.03267701104
582	0.9642954166	0.03259082001
583	0.9643720527	0.03255278798
584	0.9644173288	0.03251786835
585	0.9645800298	0.03243502675
586	0.9646407662	0.03237052526
587	0.9646885689	0.03233417737
588	0.9648202187	0.03228944628
589	0.9648218673	0.0322879373
590	0.9649407842	0.03225135972
591	0.9651946924	0.03217989444
592	0.9653148075	0.03212885798
593	0.965441828	0.03208897922
594	0.9654860537	0.03206498337
595	0.9655558786	0.03203130817
596	0.96564608	0.03198798107
597	0.9656665412	0.03196577874
598	0.9657210364	0.03194811477
599	0.9657879976	0.0319199964
600	0.9659044433	0.03188203124
601	0.9659812367	0.03184407166
602	0.9661753821	0.031738574
603	0.9663365421	0.03166738321
604	0.9664111876	0.03162669806
605	0.9664359572	0.03161989717
606	0.9664392404	0.0316042185
607	0.9664682887	0.03156478239
608	0.966645018	0.03148621419
609	0.9666916656	0.03144883086
610	0.9667502012	0.03140221724
611	0.9668111936	0.0313616813
612	0.9669279246	0.03130047427
613	0.9670921196	0.03123924763
614	0.9671577585	0.03121096209
615	0.9672976435	0.03117182766
616	0.9673211468	0.0311534879
617	0.9674456035	0.03111740358
618	0.9674467849	0.03111571417
619	0.9674650564	0.03109556903
620	0.9675863473	0.03102699791
621	0.9677100393	0.03100105117
622	0.9678482348	0.03095210629
623	0.9679464969	0.03092009715
624	0.9680167451	0.03089162887
625	0.9680518518	0.03087458535
626	0.9681945962	0.03082497231
627	0.9682361211	0.03077608983
628	0.9682513342	0.03075691182
629	0.9683477329	0.03069528652
630	0.9684831411	0.03061082318
631	0.9684861491	0.03060832294
632	0.9687118528	0.0305050585
633	0.9687681109	0.03048009922
634	0.9688969196	0.03044060506
635	0.9689667544	0.03042668308
636	0.969121865	0.03037474513
637	0.9692359529	0.03030725073
638	0.969358668	0.03025320411
639	0.9693826583	0.03024340205
640	0.9695053631	0.03020314672
641	0.9695143843	0.03019831467
642	0.9695734852	0.03017323792
643	0.9696882208	0.0301421878
644	0.9697014634	0.03013143835
645	0.9697314672	0.03011517098
646	0.9699673709	0.03004561846
647	0.9700109728	0.03001710169
648	0.9700954507	0.0299754927
649	0.9701964447	0.02992417008
650	0.9702256495	0.02990542271
651	0.9702574679	0.02987435191
652	0.9703486779	0.02984014071
653	0.9704361942	0.02980778465
654	0.9704400391	0.02980338604
655	0.9704530716	0.02978478654
656	0.9705189298	0.02975671034
657	0.9705228594	0.02974819542
658	0.9705970257	0.02971618006
659	0.9706512461	0.02967251856
660	0.9707246454	0.02963667332
661	0.9707531158	0.02961504998
662	0.9708615346	0.02958045632
663	0.971031605	0.02951337185
664	0.9712113613	0.029439709
665	0.9712097629	0.02943647391
666	0.9713042966	0.02938796512
667	0.9714715062	0.02928955194
668	0.9715089985	0.02927828399
669	0.971608635	0.02924830889
670	0.9716268043	0.02921855459
671	0.971729603	0.02915117135
672	0.97178785	0.02911201162
673	0.971951823	0.02906158921
674	0.971968879	0.02903986627
675	0.9720978447	0.0289816489
676	0.9721209469	0.02895566649
677	0.972190749	0.02892517169
678	0.9722557563	0.02887528846
679	0.9723269586	0.02883095416
680	0.9724080991	0.02876204715
681	0.9724740518	0.02874186715
682	0.9725825508	0.02867432307
683	0.9726741486	0.02862847342
684	0.9726947577	0.02861152995
685	0.9727411368	0.02857869106
686	0.9728252891	0.02851927881
687	0.9728286432	0.02851167509
688	0.9729059607	0.02848292088
689	0.9729679192	0.02845528664
690	0.9730009095	0.02842263228
691	0.9730145298	0.02841253258
692	0.9730460249	0.02838362413
693	0.9730930514	0.02835047086
694	0.9731558501	0.02831968362
695	0.9732935305	0.02824084274
696	0.973356937	0.02822304953
697	0.9733775375	0.02820888122
698	0.9734017333	0.02818821913
699	0.9734724775	0.02814901051
700	0.9736335366	0.02807168963
701	0.9737529488	0.02803152676
702	0.973878758	0.02797462342
703	0.9739421509	0.02793372791
704	0.9740226596	0.0279057024
705	0.9741968319	0.02781267364
706	0.9743333039	0.02776495908
707	0.9743937471	0.02773158095
708	0.9745110269	0.02767748698
709	0.974551268	0.02766557896
710	0.974653808	0.02762683807
711	0.974756252	0.02758488223
712	0.9747890468	0.02756481939
713	0.9748136333	0.0275462842
714	0.974892088	0.02750366239
715	0.974944911	0.0274751674
716	0.9750101911	0.02744267035
717	0.9750577564	0.02740709931
718	0.9750920007	0.02737487707
719	0.9751054031	0.0273534471
720	0.9751955254	0.02731840373
721	0.9752648347	0.02727879125
722	0.9753703447	0.02723898283
723	0.9753973571	0.02722713098
724	0.9754617697	0.02718706347
725	0.9755495308	0.02713937338
726	0.9755786236	0.02711791171
727	0.9756226363	0.02710050674
728	0.9756965031	0.0270536502
729	0.9757477002	0.02702777138
730	0.9758323895	0.02698677729
731	0.9758656399	0.0269675606
732	0.975877111	0.02695691708
733	0.9758951425	0.02693409741
734	0.975980028	0.02689062174
735	0.976077933	0.02685209005
736	0.9761755742	0.02680066794
737	0.9762322171	0.02677393461
738	0.9763188475	0.02673956143
739	0.9763630018	0.02671340266
740	0.9764845748	0.0266513382
741	0.976524801	0.02662920279
742	0.9766029234	0.02657026577
743	0.976635326	0.02654032444
744	0.9766757912	0.02650824587
745	0.9767498307	0.0264779412
746	0.9768068818	0.02642581336
747	0.9768586633	0.02640363177
748	0.9768979778	0.02638572333
749	0.9769906993	0.02633881788
750	0.9770603586	0.02630013837
751	0.9770947956	0.02627395373
752	0.9771392356	0.02625406302
753	0.977201623	0.02622240654
754	0.9772329649	0.0262048067
755	0.9772643257	0.02618411557
756	0.9773083461	0.02615663305
757	0.9773801964	0.02612975501
758	0.977419026	0.02610475218
759	0.9774498783	0.02607352551
760	0.9774984868	0.02604208004
761	0.9775121015	0.02602522255
762	0.9776253071	0.02597840267
763	0.9776421872	0.02596607596
764	0.9777072373	0.02593808837
765	0.9777449878	0.02591050239
766	0.9777859409	0.02588705646
767	0.9778786282	0.02583093549
768	0.9779038434	0.02581812672
769	0.977927456	0.02578795327
770	0.9779294169	0.02578394259
771	0.9779405361	0.02576707266
772	0.977985643	0.02572683061
773	0.9780216319	0.02570382612
774	0.9781010934	0.02563562433
775	0.9781079557	0.02562698055
776	0.9781099108	0.02562531018
777	0.9782283594	0.02556924608
778	0.9782531504	0.02556422541
779	0.9782586783	0.02555461619
780	0.9783444988	0.02550857677
781	0.9783587415	0.02549071244
782	0.978372296	0.0254681002
783	0.9783831843	0.02545039126
784	0.978383305	0.0254500129
785	0.9784886195	0.0253786984
786	0.9785290639	0.02534807721
787	0.9785603514	0.02532541577
788	0.9785952997	0.02529932902
789	0.9786371002	0.02526556995
790	0.9787048595	0.0252316266
791	0.9787179964	0.02522214621
792	0.9788010283	0.0251767094
793	0.9788857243	0.02511461869
794	0.978924068	0.0250840486
795	0.9790047085	0.02502365129
796	0.9790732793	0.02496168862
797	0.9791355101	0.02493778236
798	0.9791526767	0.02492752648
799	0.9791560625	0.02492375697
800	0.9791621452	0.02491222563
801	0.9791724163	0.02489871251
802	0.9792319676	0.02485650957
803	0.9793029632	0.02480546377
804	0.9793887616	0.024770291
805	0.9794550713	0.02474127029
806	0.9795019003	0.02471230069
807	0.9795190233	0.02468968442
808	0.9795219373	0.02468331115
809	0.9795366725	0.02467630278
810	0.9796351649	0.02459957971
811	0.9796558107	0.02458425557
812	0.9796888585	0.02456053907
813	0.9797682014	0.02451890172
814	0.9797993487	0.02449972715
815	0.9798487828	0.02445967554
816	0.9799338101	0.02439518664
817	0.9799948639	0.02434579192
818	0.9800119105	0.02433818251
819	0.9800253452	0.02432746884
820	0.9800518186	0.02429533919
821	0.9801757398	0.02419907423
822	0.9801849275	0.02419145676
823	0.9802113772	0.02417995477
824	0.9802618122	0.02413806109
825	0.9802727324	0.02412424964
826	0.9803063576	0.02408184786
827	0.9803285927	0.02406800041
828	0.9803421643	0.0240615346
829	0.9803764186	0.0240194348
830	0.9804074328	0.02399489332
831	0.980446721	0.02397043292
832	0.9804772724	0.02394885635
833	0.980539915	0.02390938469
834	0.9805908156	0.02388798181
835	0.9806037034	0.02387441289
836	0.9806274017	0.02385771862
837	0.9807276024	0.02380400848
838	0.980801014	0.02376228518
839	0.9808435676	0.02373884957
840	0.9808647736	0.02372135666
841	0.980905059	0.02368337123
842	0.9809520282	0.02365969925
843	0.9810373099	0.02359456708
844	0.9810694392	0.02357493244
845	0.9811137654	0.02354403087
846	0.9811247398	0.02352778321
847	0.9811980082	0.02348784509
848	0.9812293912	0.02347125172
849	0.9812763647	0.02344879859
850	0.9813542773	0.02341984297
851	0.9813950424	0.02339208967
852	0.9814043275	0.0233858186
853	0.9814088553	0.02337396013
854	0.9814518396	0.0233492258
855	0.9814547739	0.02334259587
856	0.9815807112	0.02326597942
857	0.9816124034	0.02325040245
858	0.9816392831	0.02323875964
859	0.9816885772	0.02319749159
860	0.9817661873	0.02315466864
861	0.9818264833	0.02311214026
862	0.9819107097	0.0230831143
863	0.9819806123	0.02302828371
864	0.9820140736	0.02300866799
865	0.9820279522	0.02299148204
866	0.9821010308	0.02296265917
867	0.9821118053	0.0229437641
868	0.9821493227	0.02290059674
869	0.9821842044	0.02288558576
870	0.9822114106	0.02286724691
871	0.9822925692	0.02282756916
872	0.9822944489	0.02282137647
873	0.9823029752	0.02280766361
874	0.982349465	0.02277468659
875	0.9823675944	0.02275655613
876	0.9824145476	0.0227294885
877	0.9824755539	0.02268118518
878	0.9824936356	0.02265382033
879	0.9825557186	0.02261780745
880	0.9825813984	0.02258887079
881	0.9826194785	0.02257125163
882	0.9826272369	0.02256258127
883	0.9827254216	0.02251393485
884	0.9827408777	0.02250582718
885	0.9828057466	0.02246416157
886	0.9828489309	0.02243509879
887	0.9829342093	0.02239431564
888	0.9829558296	0.02237496694
889	0.982989785	0.02233937085
890	0.9830474307	0.02229550287
891	0.9830920329	0.02225353971
892	0.9831112285	0.02222756529
893	0.9831577257	0.02220459768
894	0.983161024	0.02219392052
895	0.9831973173	0.02216821838
896	0.9832128432	0.02215420288
897	0.9832284188	0.02214056452
898	0.983236349	0.02212755609
899	0.9832721333	0.02209971672
900	0.9832756133	0.02209257103
901	0.9832856727	0.02208300122
902	0.9833327616	0.02204111299
903	0.9834028854	0.02200053104
904	0.9834209332	0.02197861903
905	0.9834302403	0.02197064406
906	0.9835412064	0.02189700689
907	0.9835438786	0.02189400749
908	0.9835727419	0.02186523905
909	0.983602479	0.0218263653
910	0.9836391197	0.02180865833
911	0.9836987599	0.02177106734
912	0.9837512812	0.0217437742
913	0.9837594486	0.02172999708
914	0.9837935124	0.02169963903
915	0.9838044617	0.02169067372
916	0.9838695474	0.02165485282
917	0.9839026799	0.02162681524
918	0.9839060331	0.02162135268
919	0.9839329031	0.02160550586
920	0.9839886053	0.02156069823
921	0.9840095948	0.02153638041
922	0.9840568141	0.02151236452
923	0.9841355099	0.02147219093
924	0.9841455678	0.02145641564
925	0.9841826023	0.02142602163
926	0.9842292609	0.02139814642
927	0.9842301733	0.02139654157
928	0.9842847611	0.02136167321
929	0.9843176389	0.02133522849
930	0.9843430145	0.02131106294
931	0.984405346	0.02127933833
932	0.9844220789	0.02126514329
933	0.9844419356	0.02124986381
934	0.9844935944	0.021219597
935	0.9845369313	0.02118839572
936	0.9846212885	0.02113331763
937	0.9846451527	0.02110215667
938	0.9846678871	0.0210837909
939	0.9846692161	0.02108114045
940	0.9846866875	0.0210655058
941	0.9847152405	0.0210391708
942	0.9847341597	0.02102362754
943	0.9847391694	0.02101274305
944	0.9847831916	0.02095692034
945	0.9848082474	0.02093202035
946	0.9848156853	0.02092518039
947	0.9849043263	0.02086751738
948	0.9849655044	0.02082441526
949	0.9849886327	0.02080445939
950	0.9850064953	0.02078399856
951	0.9850579032	0.02073857718
952	0.9850886326	0.02071993403
953	0.9851376586	0.02069245643
954	0.9851891605	0.02066508329
955	0.9851913835	0.02066035732
956	0.9852298458	0.02063993944
957	0.9852377333	0.02062947223
958	0.9852693031	0.02061528089
959	0.9852762019	0.02060270804
960	0.9853063714	0.02058772361
961	0.9853180858	0.02058105647
962	0.9853964835	0.02051598615
963	0.9854511202	0.0204720175
964	0.9854552532	0.02046493179
965	0.9854737869	0.02044724337
966	0.9854751765	0.02044166026
967	0.9855237387	0.02038981217
968	0.9855796717	0.02034279617
969	0.9856074728	0.0203117499
970	0.9856256335	0.02029414888
971	0.9857105286	0.02021528433
972	0.9857531555	0.02017415231
973	0.9858046038	0.02012440861
974	0.9858177861	0.02010739469
975	0.9858186163	0.02010334429
976	0.9858294572	0.02009160146
977	0.985844256	0.02007734175
978	0.9858448652	0.02007601038
979	0.9858508882	0.02006871823
980	0.9858510048	0.02006849463
981	0.9858998931	0.02003088749
982	0.9859428706	0.01999810391
983	0.9859536754	0.01998533407
984	0.9859880254	0.01994889669
985	0.9860069146	0.01993036061
986	0.9860326	0.01990394349
987	0.9860538567	0.01989051796
988	0.9860599621	0.01987500868
989	0.9860680204	0.01986696665
990	0.9861213651	0.01983922602
991	0.9861368682	0.01982363346
992	0.9861470111	0.01981012881
993	0.9861777406	0.0197758656
994	0.9861859026	0.01976046308
995	0.9862118559	0.01973288794
996	0.9862322984	0.01971347825
997	0.9862470176	0.0196945841
998	0.9862941301	0.0196611909
999	0.986316771	0.01963044784
1000	0.9863392076	0.01960554612
1001	0.9863763585	0.01957330628
1002	0.9864054646	0.01953376872
1003	0.9864138215	0.01952229473
1004	0.9864326084	0.01951290681
1005	0.9864860251	0.01948210497
1006	0.9864894278	0.01946884066
1007	0.9865197822	0.01944469806
1008	0.9865409115	0.01941814812
1009	0.9865608936	0.01939903877
1010	0.9865723192	0.01939036378
1011	0.9865768669	0.01938258869
1012	0.9865963542	0.01935851935
1013	0.986606027	0.01935083552
1014	0.986618054	0.01933446181
1015	0.9866378218	0.01932213664
1016	0.9866545932	0.01930278945
1017	0.9866898327	0.01928527567
1018	0.9866946212	0.01927711243
1019	0.9866950167	0.01927561228
1020	0.9866990954	0.01927196895
1021	0.98673354	0.01922726436
1022	0.9867529828	0.01921116254
1023	0.9867655137	0.01920076751
1024	0.9867793457	0.01917907562
1025	0.9868097639	0.01915858781
1026	0.9868435815	0.01913789872
1027	0.9868740891	0.01911418559
1028	0.9869120556	0.01908731491
1029	0.9869215506	0.01907761584
1030	0.98696599	0.01903762548
1031	0.9869706244	0.01901880864
1032	0.9870021287	0.0189976496
1033	0.9870276988	0.01897240804
1034	0.9870542435	0.01895388602
1035	0.9870840037	0.01893938326
1036	0.987086581	0.01893369117
1037	0.9870922923	0.01892643205
1038	0.9871113853	0.01890345543
1039	0.9871425972	0.01887572056
1040	0.9871981825	0.01883141287
1041	0.9872046393	0.01881831416
1042	0.9872111315	0.01881208191
1043	0.9872407032	0.01878651675
1044	0.9872483019	0.01877739044
1045	0.9873066203	0.01873249273
1046	0.9873449755	0.01869088474
1047	0.9873569202	0.01867723657
1048	0.9874045165	0.0186492817
1049	0.9874219219	0.01863473988
1050	0.9874477966	0.01861032985
1051	0.987492803	0.01859015975
1052	0.9874972367	0.01858208498
1053	0.9875306546	0.01855421573
1054	0.9875644406	0.01853632407
1055	0.9876064297	0.01851094523
1056	0.9876448065	0.01848136573
1057	0.9876481128	0.01847586319
1058	0.987684326	0.01844740308
1059	0.987712738	0.01842554436
1060	0.9877284207	0.01841093054
1061	0.9877685583	0.01838922853
1062	0.987832036	0.01834319148
1063	0.9878331655	0.01834094064
1064	0.9878453757	0.01832798103
1065	0.9878476695	0.01832379378
1066	0.9878803636	0.01829787538
1067	0.9879115512	0.01827776498
1068	0.9879504352	0.01823620189
1069	0.9880047187	0.01819434962
1070	0.988011243	0.01818404763
1071	0.988020101	0.01817780789
1072	0.9880249746	0.01816817307
1073	0.9880250485	0.01816789688
1074	0.9880411792	0.01814914625
1075	0.9880578892	0.01812873638
1076	0.988113498	0.01808791492
1077	0.9881415103	0.01806618066
1078	0.9881746493	0.01803540872
1079	0.9882134209	0.01799474402
1080	0.9882296801	0.0179817867
1081	0.9882493088	0.01796138601
1082	0.9882549231	0.01795550408
1083	0.9882922438	0.01792642527
1084	0.9883398442	0.01787740555
1085	0.9883787007	0.01786184766
1086	0.98840399	0.01783164506
1087	0.9884145494	0.01781931698
1088	0.9884521653	0.01778313961
1089	0.9884863174	0.01775325984
1090	0.9884967891	0.01773719301
1091	0.9885056596	0.01771949295
1092	0.9885250328	0.01769646751
1093	0.9885337939	0.0176858776
1094	0.9885528612	0.01766499715
1095	0.9885739124	0.01764799649
1096	0.9886077513	0.01761081384
1097	0.9886175871	0.01760115822
1098	0.9886527265	0.01756622389
1099	0.9886566432	0.01756077108
1100	0.9886987204	0.01753228036
1101	0.9887132136	0.01751487222
1102	0.988713215	0.01751485077
1103	0.9887231108	0.01750361136
1104	0.9887345768	0.01748949646
1105	0.9887364357	0.01748458377
1106	0.988765325	0.01745682337
1107	0.9887845777	0.01743769636
1108	0.9887906138	0.01742842805
1109	0.988804341	0.01741125961
1110	0.9888062275	0.01740742044
1111	0.9888209694	0.01739606982
1112	0.9888283291	0.0173876457
1113	0.988837531	0.01737086114
1114	0.9888410191	0.01736550317
1115	0.9888441724	0.01735891465
1116	0.9888641444	0.01734339476
1117	0.9888823994	0.01732247249
1118	0.9888958678	0.01730370912
1119	0.9888996962	0.01729896014
1120	0.9889027877	0.01729429319
1121	0.9889080161	0.01728940887
1122	0.9889121997	0.017283173
1123	0.9889165272	0.0172718552
1124	0.9889436613	0.01724997055
1125	0.9889677061	0.01723768595
1126	0.9889946714	0.01721362381
1127	0.9890054361	0.01720426524
1128	0.9890209662	0.01719538008
1129	0.989035825	0.01718528691
1130	0.989056966	0.01715846874
1131	0.9890665901	0.01715179851
1132	0.9890665927	0.01715175762
1133	0.9890850086	0.01713929725
1134	0.9891197692	0.01710513847
1135	0.9891672031	0.01706869848
1136	0.9892125639	0.01702690827
1137	0.9892125894	0.01702678666
1138	0.9892374459	0.01699787941
1139	0.9892384843	0.01699262495
1140	0.989241592	0.01698667994
1141	0.9892617641	0.01696125702
1142	0.9892641645	0.01695737572
1143	0.9892680842	0.0169507542
1144	0.9892703321	0.01694605624
1145	0.9892877641	0.01693615503
1146	0.9892965784	0.01692259263
1147	0.989306742	0.01691191005
1148	0.9893121612	0.01690300825
1149	0.9893126034	0.01690123389
1150	0.9893494564	0.01687127136
1151	0.9893484386	0.01686888537
1152	0.9893749699	0.01684249589
1153	0.9893780994	0.01683746655
1154	0.9893910932	0.0168202832
1155	0.9893991593	0.0168120813
1156	0.9894308869	0.0167987028
1157	0.9894544402	0.01677978019
1158	0.9894575973	0.01677535902
1159	0.9894621594	0.01676267928
1160	0.9894850301	0.01674705016
1161	0.9895133434	0.01672173684
1162	0.9895323018	0.0167091595
1163	0.9895711347	0.01669010652
1164	0.989576187	0.01668205706
1165	0.9895824713	0.01667548664
1166	0.989593195	0.01666197776
1167	0.9896198931	0.01663904445
1168	0.9896212808	0.01663607451
1169	0.9896245168	0.01662991388
1170	0.9896262046	0.01662517801
1171	0.9896385893	0.01661257154
1172	0.9896600262	0.01660134339
1173	0.9896715212	0.01658770084
1174	0.9897031471	0.01656583901
1175	0.9897211483	0.016535347
1176	0.9897393003	0.01651584721
1177	0.989752589	0.01649306105
1178	0.989762347	0.01648145281
1179	0.9897926605	0.01644587
1180	0.9897985366	0.01643482171
1181	0.9898191287	0.01642027872
1182	0.9898277307	0.01641178833
1183	0.9898392312	0.01639194091
1184	0.9898713571	0.01636657574
1185	0.9898748458	0.01636092641
1186	0.9898928508	0.01634413616
1187	0.9899063461	0.01632823885
1188	0.9899186553	0.0163227401
1189	0.9899249488	0.01631362341
1190	0.9899338765	0.01630296447
1191	0.9899737011	0.01628272256
1192	0.9899804672	0.0162726077
1193	0.9899907834	0.01625840701
1194	0.9900380105	0.01623345395
1195	0.9900385927	0.01623097354
1196	0.9900551297	0.01621684346
1197	0.9900570607	0.01621122962
1198	0.9900822436	0.01619632319
1199	0.9900839854	0.01618788669
1200	0.990087598	0.01618242399
1201	0.9901063861	0.0161619781
1202	0.990150678	0.01612813418
1203	0.9901610263	0.01611555754
1204	0.9902008488	0.01609506537
1205	0.9902045129	0.01608902387
1206	0.9902050475	0.01607936964
1207	0.9902087405	0.01607372838
1208	0.990218753	0.01605836312
1209	0.9902206833	0.01605314364
1210	0.9902227304	0.01604852972
1211	0.9902276732	0.01604261846
1212	0.9902301231	0.01603827761
1213	0.9902348098	0.01603160516
1214	0.9902406777	0.01602133128
1215	0.9902648381	0.01599980917
1216	0.9902827691	0.01598450643
1217	0.9902869	0.01598001562
1218	0.9902992522	0.01596070976
1219	0.9903077723	0.01595284282
1220	0.9903221142	0.01594447661
1221	0.9903235065	0.01594214384
1222	0.9903599574	0.01591161007
1223	0.9903755355	0.01589571234
1224	0.9904029667	0.01587070085
1225	0.9904390885	0.01584115142
1226	0.9904519623	0.0158219744
1227	0.9904600575	0.01581029782
1228	0.9904777304	0.01580044035
1229	0.9904989529	0.01577958072
1230	0.9905124292	0.01575938223
1231	0.990524846	0.01575090109
1232	0.9905251148	0.01574927628
1233	0.9905247068	0.01574233245
1234	0.9905273102	0.01573552312
1235	0.990532281	0.01572371469
1236	0.9905343158	0.01571648284
1237	0.9905357068	0.01571383066
1238	0.9905484788	0.01569802492
1239	0.9905612558	0.01569000658
1240	0.9906120564	0.01564447658
1241	0.9906205242	0.01563243077
1242	0.990620554	0.01563236909
1243	0.9906261862	0.01562273819
1244	0.9906432065	0.01560982382
1245	0.9906645982	0.01559151106
1246	0.9906843722	0.01557041673
1247	0.9907174628	0.01553192146
1248	0.9907215599	0.01552434891
1249	0.9907275146	0.0155180297
1250	0.990742137	0.01549953139
1251	0.9907701164	0.0154864813
1252	0.9907765618	0.01548099865
1253	0.9907810449	0.0154749822
1254	0.9907832708	0.0154712503
1255	0.9907872334	0.01546505185
1256	0.9907940128	0.01545545258
1257	0.990804237	0.01544194123
1258	0.9908123809	0.01542912067
1259	0.9908162175	0.01542101274
1260	0.9908179944	0.0154173535
1261	0.9908258121	0.01539446713
1262	0.9908295143	0.0153891641
1263	0.9908801648	0.01534567869
1264	0.9908982598	0.01533092916
1265	0.9909217298	0.01530962067
1266	0.9909233332	0.01530682487
1267	0.9909397594	0.01529652078
1268	0.9909541725	0.01527849564
1269	0.9909776814	0.01526196979
1270	0.9910368728	0.01521321173
1271	0.9910429636	0.01520752991
1272	0.9910543705	0.0151925051
1273	0.9910557625	0.01518851384
1274	0.9910679144	0.01517420965
1275	0.9910882208	0.01515633887
1276	0.9910925582	0.01514407502
1277	0.9910961294	0.01513855373
1278	0.9911163406	0.01512829678
1279	0.9911388854	0.01509897589
1280	0.9911470058	0.01508731143
1281	0.9911471704	0.01508691886
1282	0.9911605341	0.01507688601
1283	0.9911682409	0.01506892839
1284	0.9911756096	0.01505944036
1285	0.9911916476	0.01504001451
1286	0.9911916658	0.01503994707
1287	0.9911919457	0.01503835358
1288	0.9912059222	0.01503034336
1289	0.9912247351	0.01501499474
1290	0.9912686737	0.01497822233
1291	0.9912779967	0.01496542023
1292	0.9912789087	0.01496337087
1293	0.9912878861	0.01495828234
1294	0.9913100174	0.01494565048
1295	0.9913335041	0.01493225157
1296	0.9913373442	0.01492785564
1297	0.9913397423	0.01491860449
1298	0.9913456921	0.01491236407
1299	0.9913474261	0.01490790182
1300	0.9913507293	0.01490084516
1301	0.9913507491	0.01490056718
1302	0.9913539328	0.01489615663
1303	0.9913555748	0.01489323106
1304	0.9913575538	0.01489134204
1305	0.991357902	0.01488978111
1306	0.9913582301	0.01488819999
1307	0.9913618022	0.01487868335
1308	0.9913979586	0.01485612319
1309	0.9913997444	0.01485076555
1310	0.9914105006	0.01484443473
1311	0.9914131997	0.01483774535
1312	0.9914189408	0.01483066757
1313	0.9914227886	0.01482350377
1314	0.9914267823	0.01481758263
1315	0.9914336871	0.01480547164
1316	0.9914425562	0.01479375626
1317	0.9914555492	0.01478069125
1318	0.9914583587	0.01477693309
1319	0.9914786337	0.01475708591
1320	0.9915018243	0.01473296954
1321	0.9915051536	0.01472799826
1322	0.9915066822	0.01471448577
1323	0.9915192319	0.01470794213
1324	0.9915525542	0.01467460845
1325	0.9915765434	0.01465653216
1326	0.9916002045	0.01464332949
1327	0.9916175898	0.014634013
1328	0.9916213236	0.01462777879
1329	0.9916222054	0.01462542602
1330	0.9916283639	0.01461704142
1331	0.9916418317	0.01460749013
1332	0.9916629643	0.01458120907
1333	0.9916670101	0.01457408708
1334	0.9916665246	0.01456838415
1335	0.9916805538	0.01455201305
1336	0.9916821336	0.01454745979
1337	0.9916876104	0.01454319442
1338	0.9916888024	0.01454025941
1339	0.9916947043	0.01452915005
1340	0.9916962532	0.01452720372
1341	0.99169838	0.01452288099
1342	0.9917111631	0.01451202063
1343	0.9917120628	0.01450865293
1344	0.9917281982	0.01449467998
1345	0.9917370569	0.01448104105
1346	0.9917375429	0.0144798975
1347	0.9917470911	0.01446638636
1348	0.991782942	0.01442658551
1349	0.9917879724	0.01441777991
1350	0.9917920041	0.01441157419
1351	0.9918085368	0.01439921537
1352	0.991811147	0.01439494433
1353	0.9918304859	0.01438359007
1354	0.991832256	0.01437930632
1355	0.9918350887	0.01437488171
1356	0.9918444264	0.01436785304
1357	0.9918515242	0.01435917039
1358	0.9918679762	0.01435093764
1359	0.9918879123	0.0143293325
1360	0.9919147912	0.01430153387
1361	0.9919426865	0.01427232188
1362	0.9919448317	0.01426874135
1363	0.9919477517	0.01425946217
1364	0.9919625706	0.01424508823
1365	0.9919626017	0.014244385
1366	0.9919895668	0.014216533
1367	0.9920054448	0.01419352868
1368	0.9920067894	0.01419023918
1369	0.9920305764	0.0141779002
1370	0.9920339731	0.01416871979
1371	0.9920344832	0.01416036986
1372	0.9920645954	0.01413366124
1373	0.992099702	0.01410060305
1374	0.9921242713	0.01407902176
1375	0.9921446969	0.01406207005
1376	0.992154663	0.014042663
1377	0.9921716716	0.01403558647
1378	0.9921765109	0.01403366846
1379	0.9921869036	0.01401894362
1380	0.9921879057	0.01401572399
1381	0.9922073215	0.01399028284
1382	0.9922083095	0.01398747322
1383	0.9922153627	0.01397237529
1384	0.9922159516	0.01397081366
1385	0.9922574763	0.01393205698
1386	0.9922774267	0.01390896296
1387	0.9922903369	0.01389881887
1388	0.9922943853	0.01389208325
1389	0.992303845	0.01388090221
1390	0.9923039603	0.01388022941
1391	0.9923077586	0.01387184755
1392	0.992325032	0.01386141882
1393	0.99232609	0.01385866544
1394	0.9923343115	0.0138407945
1395	0.9923346469	0.01383946742
1396	0.9923415712	0.01383071864
1397	0.9923442996	0.01382570233
1398	0.9923513487	0.01381197244
1399	0.9923603949	0.01380264575
1400	0.9923847949	0.01378023205
1401	0.992391448	0.01376957569
1402	0.9923914695	0.01376935741
1403	0.9923925023	0.01376557995
1404	0.9924121145	0.0137553424
1405	0.9924453405	0.01371997764
1406	0.9924496446	0.0137120183
1407	0.9924629599	0.01370141119
1408	0.9924630674	0.01370047905
1409	0.992463354	0.01369921091
1410	0.9924678771	0.01369216443
1411	0.9925012963	0.01366713384
1412	0.9925041807	0.01365762534
1413	0.9925307191	0.01363848773
1414	0.9925322446	0.01363482946
1415	0.9925374324	0.01362708454
1416	0.992540755	0.01361971932
1417	0.9925497281	0.01361237517
1418	0.9925518167	0.01360933276
1419	0.9925531892	0.01360590956
1420	0.9925709029	0.01359641729
1421	0.9925824514	0.01358494734
1422	0.9925836273	0.01358149813
1423	0.9925841909	0.01357843921
1424	0.9925860482	0.01357447105
1425	0.9925989309	0.01356260583
1426	0.9926102644	0.01355157028
1427	0.9926283031	0.01353908814
1428	0.9926519848	0.0135185271
1429	0.992674348	0.01348511108
1430	0.9926745743	0.01348307109
1431	0.9926805163	0.0134733579
1432	0.9926941263	0.01346530039
1433	0.9926951525	0.01346229914
1434	0.9927045753	0.01345563958
1435	0.992705851	0.01345135643
1436	0.9927139491	0.0134450472
1437	0.9927143958	0.01344315119
1438	0.99271466	0.01344195776
1439	0.9927238806	0.01342678723
1440	0.9927281452	0.01341823711
1441	0.992730472	0.01341342982
1442	0.9927382472	0.01340714503
1443	0.9927479713	0.01339257784
1444	0.9927486314	0.01339050596
1445	0.9927768284	0.01335405366
1446	0.9927770997	0.0133523428
1447	0.9927904091	0.01333242821
1448	0.9927924684	0.01332714023
1449	0.9927965683	0.01332074471
1450	0.9928374897	0.01328397926
1451	0.9928377077	0.01328297329
1452	0.9928526733	0.01326239608
1453	0.9928543774	0.01325742219
1454	0.9928733427	0.01322996872
1455	0.9928818674	0.01322216927
1456	0.9928946822	0.01321601195
1457	0.9929106674	0.01320550706
1458	0.9929179694	0.01319338192
1459	0.9929203189	0.01318797833
1460	0.9929450399	0.0131716263
1461	0.9929454847	0.01316960512
1462	0.9929564557	0.01314888116
1463	0.9929590841	0.01313484041
1464	0.9929902293	0.01310682445
1465	0.9929907858	0.01310520583
1466	0.9929954235	0.01309564863
1467	0.9930073197	0.01308419195
1468	0.9930183717	0.01306913834
1469	0.9930211465	0.01306341063
1470	0.9930253333	0.01305669051
1471	0.9930253584	0.01305647456
1472	0.9930393777	0.01304683539
1473	0.9930402629	0.01304199038
1474	0.9930577645	0.01301583513
1475	0.993068284	0.01300644606
1476	0.993068928	0.01300359602
1477	0.9930834601	0.01298522661
1478	0.9930997268	0.01297405747
1479	0.9931017274	0.01296893821
1480	0.9931025322	0.01296651986
1481	0.9931025496	0.01296616957
1482	0.9931110344	0.01295254451
1483	0.9931138337	0.01294592283
1484	0.9931230186	0.01293922568
1485	0.99312614	0.01293044805
1486	0.9931289572	0.01292602791
1487	0.9931380213	0.01291780885
1488	0.9931550454	0.01289946598
1489	0.9931771776	0.012881181
1490	0.993177176	0.01288116995
1491	0.9931849657	0.01287269851
1492	0.9932103085	0.01285422503
1493	0.9932198623	0.01283404306
1494	0.9932234373	0.01282756413
1495	0.9932331017	0.0128171185
1496	0.9932362264	0.01281387135
1497	0.9932363267	0.0128130726
1498	0.9932443885	0.01280108756
1499	0.9932514564	0.01279531131
1500	0.9932544134	0.01278696846
1501	0.9932580877	0.01278231608
1502	0.9932712745	0.01276822977
1503	0.9932768201	0.01276121836
1504	0.9932789663	0.0127575067
1505	0.9932891643	0.01274130298
1506	0.9933036349	0.01272998868
1507	0.9933153388	0.01271137287
1508	0.9933157728	0.01270519493
1509	0.9933290779	0.01268359545
1510	0.9933296029	0.01268166053
1511	0.9933648367	0.01265302203
1512	0.9933659998	0.01265077968
1513	0.9933669166	0.01264785233
1514	0.9933727589	0.01263905467
1515	0.9933744195	0.01263537646
1516	0.9933858171	0.01262027165
1517	0.9933865201	0.01261774935
1518	0.9933879804	0.01261391249
1519	0.9933934498	0.01260348127
1520	0.993403426	0.01259289437
1521	0.9934067333	0.01258736031
1522	0.9934216745	0.01256514133
1523	0.9934254785	0.01255739591
1524	0.993427646	0.01255115441
1525	0.9934378357	0.01253261959
1526	0.9934506226	0.01252437453
1527	0.9934541241	0.0125197073
1528	0.9934611122	0.01250745695
1529	0.9934762798	0.01249243029
1530	0.993476775	0.01249050447
1531	0.9934866176	0.01246843562
1532	0.993499037	0.01246060864
1533	0.9934994237	0.01245872984
1534	0.9935003782	0.01245678058
1535	0.9935028097	0.01245220901
1536	0.9935124982	0.01244149523
1537	0.9935162601	0.01243759978
1538	0.9935290677	0.01242128107
1539	0.9935300599	0.01241805084
1540	0.9935461381	0.01240409485
1541	0.9935507687	0.01239925562
1542	0.9935562835	0.01238865163
1543	0.9935566417	0.01238682542
1544	0.9935673189	0.01238314322
1545	0.9935784872	0.01237133337
1546	0.9936004366	0.0123425422
1547	0.9936192001	0.01232619623
1548	0.9936415971	0.01230947876
1549	0.9936556641	0.01229318272
1550	0.9936556047	0.01229296506
1551	0.9936602431	0.01228607737
1552	0.9936676156	0.0122776446
1553	0.9936698734	0.01227184341
1554	0.9936813338	0.0122663068
1555	0.9936924389	0.01225416017
1556	0.993695498	0.01225105223
1557	0.9936952275	0.01224473428
1558	0.9937046353	0.01223374471
1559	0.9937148504	0.01222141095
1560	0.9937215793	0.01220327681
1561	0.9937220477	0.01220095018
1562	0.9937249802	0.01219438532
1563	0.9937252311	0.01219340613
1564	0.9937266167	0.01218846133
1565	0.9937298436	0.01218086084
1566	0.9937343487	0.01217463694
1567	0.9937363308	0.01216792733
1568	0.9937383099	0.01216263645
1569	0.9937386006	0.01216142703
1570	0.9937545134	0.01214888922
1571	0.9937627704	0.01213749609
1572	0.9937770719	0.01212581309
1573	0.9937806133	0.01212046621
1574	0.9937808857	0.01211921583
1575	0.9937870444	0.0121134901
1576	0.9937880264	0.01211192116
1577	0.9938065703	0.01209049835
1578	0.9938238309	0.01207719691
1579	0.9938297622	0.0120746289
1580	0.9938367454	0.01206221221
1581	0.9938473478	0.01205664859
1582	0.9938482654	0.01205393396
1583	0.9938491215	0.01205310658
1584	0.9938772577	0.01202929344
1585	0.9938817161	0.01202666898
1586	0.9938818065	0.01202615656
1587	0.9938821545	0.01202417202
1588	0.9938829836	0.01202199124
1589	0.9939035694	0.0120058693
1590	0.9939190888	0.01198556738
1591	0.993938527	0.01196230193
1592	0.9939392153	0.01195986297
1593	0.9939392682	0.01195961186
1594	0.9939563632	0.0119454962
1595	0.9939576069	0.01193671925
1596	0.9939689823	0.01191878852
1597	0.9939698579	0.01191577522
1598	0.9939716555	0.01191028506
1599	0.9939866725	0.01190102507
1600	0.9939942717	0.01188821731
1601	0.9939972348	0.01188050049
1602	0.9940117992	0.01185720691
1603	0.9940121158	0.01185583006
1604	0.9940127691	0.01185307264
1605	0.9940147191	0.0118485575
1606	0.9940605118	0.01179583049
1607	0.9940670777	0.0117916813
1608	0.9940843436	0.01177920396
1609	0.9940944844	0.01176913002
1610	0.9940956704	0.01176600644
1611	0.9940961352	0.01176374243
1612	0.9941197819	0.01174708974
1613	0.9941234769	0.01174370072
1614	0.9941244551	0.01174249555
1615	0.994125247	0.01174053983
1616	0.9941485456	0.01171697588
1617	0.9941485709	0.01171670176
1618	0.9941493251	0.01171520148
1619	0.9941650628	0.01170378829
1620	0.9941661419	0.01170092321
1621	0.994168693	0.0116952447
1622	0.9941734201	0.01168784961
1623	0.9941871456	0.01166911423
1624	0.9941880696	0.01166726026
1625	0.9941889269	0.01166406214
1626	0.9941989349	0.01164680285
1627	0.9942003668	0.01164309487
1628	0.9942025961	0.01163799579
1629	0.9942059975	0.01163352165
1630	0.9942110704	0.01162535213
1631	0.9942126692	0.01162100702
1632	0.994210215	0.01161948767
1633	0.9942106161	0.01161764808
1634	0.9942169574	0.01161318264
1635	0.9942221635	0.01160843613
1636	0.9942266709	0.01159863674
1637	0.9942268788	0.01159368892
1638	0.9942284583	0.01158991009
1639	0.994229479	0.01158604342
1640	0.9942457112	0.01156857626
1641	0.994247138	0.01156472892
1642	0.9942474382	0.01156335339
1643	0.9942501779	0.01155239146
1644	0.9942669643	0.0115353264
1645	0.9942764918	0.01153074103
1646	0.9942774962	0.0115289299
1647	0.9942938	0.01150962105
1648	0.9942962287	0.01150316699
1649	0.9942962894	0.01150244187
1650	0.9943166144	0.01148777477
1651	0.9943225492	0.01148371052
1652	0.9943473353	0.01145888921
1653	0.994369321	0.01143003631
1654	0.9943703026	0.01142718319
1655	0.9943887233	0.01141147263
1656	0.9944041485	0.01139614475
1657	0.994419695	0.01138820571
1658	0.994420282	0.01138611249
1659	0.9944208912	0.01138276415
1660	0.9944233537	0.01137542505
1661	0.9944339461	0.01136867562
1662	0.9944398117	0.01136326803
1663	0.9944424237	0.01136064076
1664	0.9944493167	0.01135195624
1665	0.9944595807	0.01134517097
1666	0.994471348	0.01133458022
1667	0.9944718489	0.01133233816
1668	0.9944807535	0.0113274168
1669	0.9944811068	0.01132584778
1670	0.994481978	0.01132323181
1671	0.9945116233	0.01129658282
1672	0.9945134372	0.01128718073
1673	0.9945272443	0.01128041065
1674	0.994541288	0.01127244399
1675	0.9945418523	0.01127042814
1676	0.9945551513	0.01125558126
1677	0.9945679265	0.01124002237
1678	0.9945683988	0.01123857071
1679	0.9945690078	0.01123679606
1680	0.9945818311	0.01123063701
1681	0.9945834949	0.01122662307
1682	0.9945838776	0.01122604926
1683	0.9945854634	0.01122106481
1684	0.9945942145	0.01121123887
1685	0.9945946915	0.01120953112
1686	0.994611284	0.01118859826
1687	0.9946114963	0.01118760836
1688	0.994618011	0.01117966828
1689	0.9946188297	0.01117782867
1690	0.9946203884	0.01117434626
1691	0.994624019	0.01116512676
1692	0.99462405	0.01116464379
1693	0.994624386	0.01116317069
1694	0.9946344596	0.01115332274
1695	0.9946347607	0.0111519954
1696	0.9946422183	0.0111430017
1697	0.9946701385	0.01111547382
1698	0.99467019	0.01111516777
1699	0.9946809265	0.01110011398
1700	0.9946817134	0.01109751029
1701	0.9946996836	0.01107881438
1702	0.9947004691	0.0110762543
1703	0.9947074813	0.01106922329
1704	0.9947074833	0.01106912319
1705	0.9947101004	0.01106368308
1706	0.9947118925	0.01105800153
1707	0.9947196209	0.01104684487
1708	0.9947210212	0.0110432085
1709	0.994729409	0.01103431853
1710	0.9947379351	0.01102359551
1711	0.9947425671	0.0110189825
1712	0.9947426354	0.01101826485
1713	0.9947473549	0.01101221349
1714	0.994746899	0.01100798129
1715	0.9947469302	0.01100744636
1716	0.9947514143	0.01099901314
1717	0.9947506913	0.01099517566
1718	0.994751771	0.01099157492
1719	0.9947519826	0.01098990974
1720	0.9947517321	0.01098887352
1721	0.9947554818	0.01098322081
1722	0.9947608131	0.01097746025
1723	0.994762969	0.01097091635
1724	0.9947856895	0.01094590573
1725	0.9947938662	0.01093367372
1726	0.994802374	0.01092747218
1727	0.9948110588	0.01092080672
1728	0.9948146864	0.01091564114
1729	0.9948166709	0.01091016049
1730	0.9948233381	0.01089761419
1731	0.994826305	0.01089094679
1732	0.9948276549	0.01088773936
1733	0.9948280964	0.01088651254
1734	0.9948358083	0.01088123658
1735	0.9948469279	0.01087358221
1736	0.9948471223	0.01087295947
1737	0.9948487369	0.01087121687
1738	0.9948485066	0.01087120503
1739	0.9948650738	0.01085116011
1740	0.9948665087	0.01084739828
1741	0.9948971122	0.0108222094
1742	0.9949011974	0.01081446114
1743	0.9949172374	0.01079579471
1744	0.9949224226	0.01078957145
1745	0.9949397604	0.01077275911
1746	0.9949403334	0.01077049565
1747	0.9949477736	0.01075858784
1748	0.9949483963	0.01075660518
1749	0.9949490951	0.01075500798
1750	0.9949521341	0.01075017541
1751	0.9949636145	0.01074150728
1752	0.9949671941	0.01073358264
1753	0.9949799133	0.01072385729
1754	0.9949914898	0.01071178211
1755	0.9949931948	0.01070918206
1756	0.9949940952	0.01070577394
1757	0.9949946855	0.01070352618
1758	0.9949976771	0.01069589815
1759	0.9950141241	0.01068046341
1760	0.9950371468	0.01065400977
1761	0.9950703583	0.01062084547
1762	0.9950714042	0.0106181801
1763	0.9950739773	0.01061262085
1764	0.9950722553	0.01061289591
1765	0.9950740266	0.01060893789
1766	0.9950756018	0.01060350917
1767	0.995084424	0.0105968017
1768	0.995086046	0.01059184393
1769	0.9950876708	0.01058976172
1770	0.9951117296	0.01056862087
1771	0.9951205093	0.01055845964
1772	0.9951242593	0.01055406897
1773	0.9951352667	0.01054850134
1774	0.995149149	0.01053694821
1775	0.9951607567	0.01052922829
1776	0.9951652734	0.01051974944
1777	0.995165558	0.01051864054
1778	0.9951664009	0.01051474886
1779	0.9951729977	0.0105079619
1780	0.995182081	0.01049563376
1781	0.9951826427	0.01049328065
1782	0.9951836977	0.010489344
1783	0.9952109091	0.01046058314
1784	0.9952269496	0.01044402289
1785	0.9952272205	0.01044325781
1786	0.995229695	0.01043552828
1787	0.9952312892	0.01042754949
1788	0.9952329279	0.01042330945
1789	0.9952338628	0.01041845157
1790	0.9952342111	0.01041716482
1791	0.9952372656	0.01041251284
1792	0.9952387637	0.01040763658
1793	0.9952393796	0.01040590026
1794	0.9952406192	0.01040118013
1795	0.9952407466	0.01040043336
1796	0.9952439451	0.01039204885
1797	0.9952500604	0.01038405399
1798	0.9952500606	0.0103840524
1799	0.9952543109	0.01037193473
1800	0.9952550283	0.01036879981
1801	0.9952577623	0.01036389524
1802	0.9952744287	0.01034574314
1803	0.9952883133	0.01033015319
1804	0.9952950876	0.01031649119
1805	0.9952962459	0.01031240165
1806	0.9953123127	0.01029622635
1807	0.9953123386	0.01029603461
1808	0.9953135726	0.01029380971
1809	0.9953138685	0.01029254639
1810	0.9953173562	0.01028703088
1811	0.9953175284	0.0102867052
1812	0.9953252397	0.01028101248
1813	0.9953257044	0.01027970974
1814	0.9953272054	0.01027662184
1815	0.9953282182	0.01027356938
1816	0.9953285593	0.01027210876
1817	0.9953287796	0.01027091236
1818	0.995330668	0.01026774765
1819	0.9953320585	0.01026595481
1820	0.9953606776	0.0102375375
1821	0.9953633252	0.01023038882
1822	0.9953638502	0.01022845596
1823	0.9953677551	0.01022529699
1824	0.9953697034	0.01022029883
1825	0.995373472	0.01021440164
1826	0.9953805359	0.01020143486
1827	0.995394905	0.01017715911
1828	0.9953958318	0.01017387261
1829	0.9953967927	0.01017042632
1830	0.9953969806	0.01016881826
1831	0.9953985983	0.01016643763
1832	0.9953991816	0.01016422438
1833	0.9953998383	0.01015833676
1834	0.9954007018	0.01015590307
1835	0.9954075605	0.01014386015
1836	0.9954087766	0.0101394681
1837	0.9954099995	0.01013831124
1838	0.9954110968	0.01013462486
1839	0.9954110871	0.01013448189
1840	0.9954112506	0.01013349579
1841	0.9954115769	0.01013194876
1842	0.9954113096	0.01012885304
1843	0.9954159239	0.01011978775
1844	0.9954186225	0.0101164909
1845	0.9954190691	0.01011476847
1846	0.9954303129	0.01009702428
1847	0.9954339363	0.0100853633
1848	0.9954399342	0.01007715367
1849	0.9954400327	0.01007662552
1850	0.9954410091	0.01007337793
1851	0.9954475489	0.01006654001
1852	0.9954479334	0.0100641597
1853	0.9954480957	0.01006309305
1854	0.9954497622	0.01006045611
1855	0.9954504087	0.01005792638
1856	0.9954512303	0.0100548196
1857	0.9954589424	0.01005031018
1858	0.9954658204	0.010042332
1859	0.9954699066	0.01003616972
1860	0.9954710713	0.01003429591
1861	0.9954768729	0.01002723282
1862	0.9954879877	0.01002018612
1863	0.9955051409	0.01000463696
1864	0.995511041	0.009993410002
1865	0.9955111358	0.009992688324
1866	0.9955195597	0.009983740974
1867	0.9955201276	0.009981693596
1868	0.9955236045	0.009974424544
1869	0.9955321071	0.009967090596
1870	0.9955387488	0.009961999244
1871	0.9955394595	0.009959132546
1872	0.9955499034	0.00995289056
1873	0.9955517298	0.009947375406
1874	0.9955507522	0.009944856402
1875	0.995550764	0.009944626649
1876	0.9955510005	0.009943371319
1877	0.995551022	0.009943204156
1878	0.9955554333	0.009939459056
1879	0.9955704995	0.009926839301
1880	0.9955799915	0.00991443158
1881	0.9955882238	0.009907779607
1882	0.995600166	0.009898933754
1883	0.9956018224	0.009895579379
1884	0.9956135968	0.009881211733
1885	0.9956187007	0.009876757631
1886	0.9956200339	0.009873447908
1887	0.9956188843	0.009871873254
1888	0.9956198526	0.009868096237
1889	0.9956199918	0.009867376012
1890	0.9956203895	0.009859452799
1891	0.9956243911	0.009853239328
1892	0.9956435104	0.009828670578
1893	0.9956456713	0.009822071388
1894	0.995646216	0.009820382126
1895	0.995663075	0.009805571898
1896	0.99566908	0.009801643217
1897	0.9956749883	0.009797597971
1898	0.9956765143	0.009792182482
1899	0.995676672	0.009791563003
1900	0.995676814	0.009790801998
1901	0.9956870236	0.009783141299
1902	0.9956912547	0.009776043927
1903	0.9956966308	0.009770517911
1904	0.9956972509	0.009767848115
1905	0.9957099368	0.009758491209
1906	0.9957109792	0.009755402005
1907	0.9957121447	0.009753712545
1908	0.9957132641	0.009749351994
1909	0.9957169519	0.009746024917
1910	0.9957172576	0.009744494057
1911	0.9957184821	0.009740499082
1912	0.9957197797	0.009738273942
1913	0.9957199661	0.009736744776
1914	0.9957204251	0.009734719724
1915	0.9957316715	0.009724926122
1916	0.9957337387	0.009722850988
1917	0.9957339479	0.009721708184
1918	0.9957347315	0.009718549232
1919	0.9957347444	0.009718303911
1920	0.9957352586	0.009716500201
1921	0.9957354149	0.009715739894
1922	0.995745672	0.009706769875
1923	0.9957517492	0.009696396388
1924	0.9957614697	0.009686080554
1925	0.9957666628	0.009682716318
1926	0.9957686865	0.009677573681
1927	0.9957778734	0.009668506561
1928	0.9957779266	0.009667835141
1929	0.9957779305	0.009667791848
1930	0.9957885007	0.009652802356
1931	0.9958012876	0.009638849363
1932	0.9958014653	0.00963738835
1933	0.9958022072	0.0096349248
1934	0.9958051912	0.009629479036
1935	0.995805321	0.009629010012
1936	0.9958087031	0.009625952467
1937	0.9958087148	0.00962576633
1938	0.9958157003	0.009615894974
1939	0.9958157719	0.009615084558
1940	0.9958159889	0.009614436515
1941	0.9958160326	0.009613504747
1942	0.9958236071	0.009607896212
1943	0.9958273989	0.009603271857
1944	0.9958279707	0.009601531241
1945	0.9958285262	0.009600996088
1946	0.9958393216	0.009589873479
1947	0.9958415934	0.009587569152
1948	0.9958418622	0.00958587056
1949	0.995843048	0.009583403964
1950	0.9958433417	0.009582086328
1951	0.9958484525	0.009579029652
1952	0.9958520808	0.009573031157
1953	0.9958516751	0.009570009976
1954	0.9958519538	0.009569050892
1955	0.995858343	0.00956187344
1956	0.9958607196	0.009556847317
1957	0.9958724374	0.009546410049
1958	0.9958724998	0.009545362033
1959	0.9958750381	0.009538965719
1960	0.9958758772	0.009536107608
1961	0.995879871	0.009531936104
1962	0.9958798725	0.009531917418
1963	0.9958804919	0.009529189754
1964	0.9958806494	0.009528207204
1965	0.9958842561	0.009521347671
1966	0.9958843627	0.009520557458
1967	0.995884852	0.009518835338
1968	0.9958914983	0.009511120092
1969	0.9958964395	0.009506103692
1970	0.9959036802	0.009500077412
1971	0.995903701	0.009499667637
1972	0.9959075866	0.00949629701
1973	0.9959161302	0.009483158306
1974	0.9959162359	0.009482009901
1975	0.9959162742	0.009481671758
1976	0.9959165401	0.009480538205
1977	0.99591654	0.009480539599
1978	0.9959207503	0.009475007563
1979	0.9959307747	0.009465248314
1980	0.9959474203	0.009448330102
1981	0.9959477638	0.009446842391
1982	0.9959477304	0.009445948914
1983	0.9959511249	0.00944034429
1984	0.9959520756	0.009438133172
1985	0.9959653502	0.009425378373
1986	0.9959674787	0.009419668033
1987	0.9959685935	0.009417394101
1988	0.9959689459	0.009415816286
1989	0.9959689482	0.009415740633
1990	0.9959724077	0.009412105487
1991	0.9959774494	0.009399384531
1992	0.9959782481	0.009398248108
1993	0.9959803773	0.009393897856
1994	0.9959817311	0.009390554099
1995	0.9959821712	0.009388818
1996	0.9959825158	0.009387250885
1997	0.9959856256	0.009384304153
1998	0.9959965449	0.009369441775
1999	0.9959970873	0.009367281342
2000	0.9959974291	0.009365495789
2001	0.996007135	0.009356190237
2002	0.9960091284	0.009353556661
2003	0.9960130648	0.009347427519
2004	0.9960150802	0.009340177392
2005	0.9960153049	0.009338625274
2006	0.9960377356	0.009312875818
2007	0.9960404398	0.009311300133
2008	0.996046473	0.009304909164
2009	0.9960465128	0.009304284497
2010	0.9960525641	0.009296852997
2011	0.9960558281	0.009293048949
2012	0.9960562202	0.009291312139
2013	0.9960564227	0.009289876553
2014	0.9960707462	0.009275883762
2015	0.9960734458	0.009271999288
2016	0.9960744118	0.009269881212
2017	0.9960745564	0.009268545458
2018	0.9960746616	0.009268138668
2019	0.9960749242	0.009267640079
2020	0.9960881149	0.009257954935
2021	0.9960969089	0.009248149964
2022	0.9960968928	0.009247700757
2023	0.9961036261	0.009237086633
2024	0.9961034724	0.009233188055
2025	0.9961034772	0.009233135448
2026	0.9961035024	0.009232819975
2027	0.9961133832	0.009223063071
2028	0.9961133837	0.009223044401
2029	0.9961224375	0.009215510781
2030	0.9961223897	0.009214598442
2031	0.9961239577	0.009210913016
2032	0.9961307572	0.009205856993
2033	0.996131118	0.009204286751
2034	0.9961340619	0.009201773871
2035	0.9961430091	0.009195302332
2036	0.9961446169	0.009190588303
2037	0.9961455127	0.009188594505
2038	0.9961455131	0.009188575481
2039	0.9961502605	0.009179757471
2040	0.9961639155	0.009164353203
2041	0.996163916	0.009164317874
2042	0.9961640681	0.009163334397
2043	0.996170279	0.009155253608
2044	0.9961771249	0.009148757448
2045	0.9961901955	0.009140399117
2046	0.9961915768	0.009137076342
2047	0.9961915776	0.00913705349
2048	0.9961919167	0.009135601174
2049	0.9961919233	0.009135448674
2050	0.9961923049	0.009133617605
2051	0.996192571	0.00913234793
2052	0.9961932185	0.009129165514
2053	0.9961934586	0.0091275883
2054	0.9961939378	0.009125826682
2055	0.9961951587	0.009122888784
2056	0.9962082837	0.009111886165
2057	0.9962166966	0.009103982571
2058	0.9962208021	0.009101687176
2059	0.9962290618	0.009093311198
2060	0.9962286865	0.009090429211
2061	0.996230704	0.009087280856
2062	0.9962310139	0.009086021943
2063	0.9962310751	0.009085585283
2064	0.9962333744	0.009082016951
2065	0.9962373557	0.009075571163
2066	0.9962370884	0.009072047784
2067	0.9962371356	0.009071303763
2068	0.9962485098	0.009057902426
2069	0.9962499546	0.009054123534
2070	0.99625536	0.009049126707
2071	0.9962554385	0.009048310535
2072	0.9962589921	0.009043721852
2073	0.9962647893	0.009032517042
2074	0.9962655366	0.009030085084
2075	0.9962658423	0.009028729974
2076	0.9962661533	0.009027356134
2077	0.9962662272	0.009026772717
2078	0.9962751774	0.009017357037
2079	0.9962816459	0.009009653016
2080	0.9962817824	0.009008798444
2081	0.9962899421	0.009003507781
2082	0.9962935173	0.008997923967
2083	0.9962958625	0.00899485641
2084	0.9962960501	0.008993928819
2085	0.9962998423	0.008989855064
2086	0.9963150522	0.008969633416
2087	0.996315414	0.008966629344
2088	0.9963162244	0.008965177632
2089	0.9963164676	0.008964296938
2090	0.9963205634	0.008961244642
2091	0.9963207432	0.008960125241
2092	0.9963224497	0.008956861376
2093	0.9963221798	0.008956177887
2094	0.9963222172	0.008955591144
2095	0.9963292307	0.008951210527
2096	0.9963312265	0.008948256086
2097	0.9963314717	0.008947193837
2098	0.9963344716	0.008941304847
2099	0.9963344923	0.008939825821
2100	0.9963352924	0.008937511357
2101	0.9963380283	0.00893236274
2102	0.9963425283	0.008925581824
2103	0.9963426095	0.008924768966
2104	0.9963436878	0.008921852012
2105	0.9963602686	0.008901227686
2106	0.9963603926	0.008900355404
2107	0.996359681	0.008899389007
2108	0.9963604119	0.008897777959
2109	0.9963623185	0.008893270306
2110	0.9963632694	0.008890342321
2111	0.996372112	0.008878901195
2112	0.9963801836	0.00886445861
2113	0.9963808039	0.008862974711
2114	0.9963812258	0.008861461876
2115	0.9963844306	0.008855727619
2116	0.9963886076	0.008845349721
2117	0.9963889421	0.008843744099
2118	0.9963909156	0.0088404509
2119	0.9963909217	0.008840240862
2120	0.9964022377	0.00882691939
2121	0.9964028219	0.008823444673
2122	0.9964032515	0.008822510962
2123	0.9964044878	0.00881893365
2124	0.9964089709	0.008808770434
2125	0.9964087698	0.008805443123
2126	0.9964090285	0.00880437332
2127	0.9964092232	0.008803657745
2128	0.9964116561	0.008801897493
2129	0.9964116657	0.008801838503
2130	0.9964140305	0.008795959348
2131	0.9964154134	0.008792394288
2132	0.9964172039	0.008789474347
2133	0.9964175719	0.008786585109
2134	0.9964206359	0.008782480971
2135	0.9964206528	0.008782208427
2136	0.996426899	0.008774187491
2137	0.996427188	0.008772743783
2138	0.9964296908	0.008768089592
2139	0.9964321385	0.008766234333
2140	0.9964336741	0.008760703454
2141	0.9964337828	0.008760263328
2142	0.9964360844	0.008753564835
2143	0.9964454056	0.008741822018
2144	0.9964598716	0.00873145637
2145	0.9964608575	0.008725905226
2146	0.9964748255	0.008710277059
2147	0.9964764573	0.00870709323
2148	0.996476591	0.008706103099
2149	0.9964807529	0.008703059306
2150	0.9964814507	0.008700929015
2151	0.996481463	0.00870069684
2152	0.9964814686	0.008700623644
2153	0.9964815483	0.008699979402
2154	0.9964908689	0.008692052527
2155	0.9964959237	0.00867960632
2156	0.9964959983	0.00867904089
2157	0.9964960318	0.008678666077
2158	0.9965023314	0.008670024964
2159	0.9965023694	0.008669770165
2160	0.9965023693	0.008669769512
2161	0.9965023693	0.008669769501
2162	0.9965153386	0.008654827399
2163	0.996525299	0.008643471153
2164	0.9965253557	0.008642978892
2165	0.9965254662	0.008642197554
2166	0.9965338244	0.008634242861
2167	0.9965388169	0.008626915583
2168	0.9965388598	0.008626599456
2169	0.9965389841	0.008625786046
2170	0.9965389944	0.008625568405
2171	0.996540098	0.008622571567
2172	0.9965407355	0.008621413829
2173	0.9965428048	0.008616723347
2174	0.9965428693	0.008615628899
2175	0.9965428685	0.008615629735
2176	0.9965424176	0.008615803762
2177	0.9965539183	0.008599520189
2178	0.9965590931	0.008594254135
2179	0.9965617019	0.008590747677
2180	0.9965633333	0.008587818065
2181	0.9965633363	0.008587813383
2182	0.9965638909	0.008586621264
2183	0.9965710298	0.008576747813
2184	0.9965710673	0.008576294935
2185	0.9965717662	0.008573829248
2186	0.9965719403	0.00857341459
2187	0.9965725057	0.008571691327
2188	0.9965751768	0.008565676557
2189	0.9965755732	0.008564049008
2190	0.9965755883	0.00856375286
2191	0.9965757731	0.008562531362
2192	0.9965811263	0.008555420565
2193	0.9965821796	0.008553395581
2194	0.9965907861	0.00854266419
2195	0.996591041	0.008541300693
2196	0.9965913335	0.008539779135
2197	0.9965913415	0.008539736865
2198	0.9965915314	0.008538565731
2199	0.9965915745	0.00853802783
2200	0.9965921696	0.008535408343
2201	0.9965972051	0.008528858228
2202	0.9966079703	0.008515324035
2203	0.9966101306	0.00850941878
2204	0.996611008	0.008506814469
2205	0.9966111315	0.008506285133
2206	0.9966112648	0.008505468668
2207	0.9966197619	0.008494270879
2208	0.9966199281	0.008493384829
2209	0.9966205847	0.008491727184
2210	0.9966219827	0.008489557556
2211	0.9966224416	0.008487747611
2212	0.9966318413	0.008480657348
2213	0.9966320513	0.008479861416
2214	0.9966364594	0.008471620341
2215	0.9966385912	0.008470129994
2216	0.9966400983	0.008467344058
2217	0.9966439322	0.008463861026
2218	0.9966631176	0.00844654814
2219	0.9966701221	0.008439024497
2220	0.9966736886	0.008436809507
2221	0.9966859959	0.00841986914
2222	0.996693773	0.008414540998
2223	0.9966960694	0.008411832301
2224	0.9966961555	0.00841115063
2225	0.9967056154	0.008399095467
2226	0.9967085962	0.008390991382
2227	0.9967136151	0.008387339529
2228	0.9967215764	0.008380378321
2229	0.9967217025	0.00837950141
2230	0.9967234142	0.008374863756
2231	0.9967235857	0.008373078102
2232	0.996729815	0.008364198826
2233	0.9967314203	0.008361896868
2234	0.9967314892	0.008361433184
2235	0.9967316118	0.008360357726
2236	0.9967317358	0.008359585825
2237	0.9967326077	0.008357112961
2238	0.9967332786	0.008354239313
2239	0.9967334539	0.008352398264
2240	0.9967336636	0.008350912304
2241	0.9967338847	0.008349988432
2242	0.9967351615	0.008346807792
2243	0.9967359781	0.0083443442
2244	0.9967374431	0.008340439203
2245	0.9967380414	0.008337463516
2246	0.9967402519	0.008331978596
2247	0.9967402733	0.008331828081
2248	0.9967406383	0.008329485345
2249	0.9967426744	0.008324962573
2250	0.9967429358	0.008323141603
2251	0.9967460134	0.008319596764
2252	0.996746318	0.00831779372
2253	0.9967463303	0.00831765947
2254	0.996746365	0.008317408726
2255	0.9967511782	0.008312497307
2256	0.9967515375	0.008310834664
2257	0.996751758	0.008309456487
2258	0.996752095	0.008308067283
2259	0.996760805	0.008301086252
2260	0.9967629842	0.008298742215
2261	0.9967630324	0.008298361927
2262	0.9967630397	0.008298264015
2263	0.9967635077	0.008297556607
2264	0.9967628686	0.008295978595
2265	0.9967706796	0.008287118435
2266	0.9967727042	0.008281164831
2267	0.9967727421	0.008280994644
2268	0.9967769782	0.00827484039
2269	0.9967813275	0.008270195846
2270	0.9967811831	0.008269790079
2271	0.9967817154	0.008267600054
2272	0.9967854786	0.008264862857
2273	0.996787391	0.008260216608
2274	0.9967875527	0.00825701244
2275	0.996788489	0.008254158686
2276	0.9967885067	0.008253710332
2277	0.9967889832	0.008252076121
2278	0.9967891504	0.008250557474
2279	0.9967902238	0.008246708889
2280	0.9967901779	0.008244837238
2281	0.9967902955	0.008244084289
2282	0.996790405	0.008243488503
2283	0.9967913067	0.008240634655
2284	0.9967913059	0.008240588123
2285	0.9967913433	0.008238496475
2286	0.9967915752	0.008237069428
2287	0.9967919852	0.00823383629
2288	0.9967919858	0.008233832861
2289	0.9967920485	0.008233309662
2290	0.9967925004	0.008232533122
2291	0.9967967049	0.008229628935
2292	0.9967986097	0.008225104405
2293	0.9967986115	0.008225067987
2294	0.9967988062	0.008224276997
2295	0.9967990492	0.008223677926
2296	0.9967990528	0.008223658278
2297	0.9967996966	0.00822154724
2298	0.9967998053	0.008221141471
2299	0.9968021455	0.008217785749
2300	0.9968021904	0.008217499281
2301	0.9968022634	0.008217098278
2302	0.9968027238	0.008215260608
2303	0.9968027374	0.0082151692
2304	0.9968121323	0.008202225731
2305	0.9968121331	0.008202186599
2306	0.9968124565	0.008201309835
2307	0.9968124621	0.008201258765
2308	0.9968134477	0.008199273336
2309	0.9968140658	0.008197457706
2310	0.9968326487	0.008173285493
2311	0.9968429617	0.008163354525
2312	0.9968471003	0.008159212857
2313	0.9968471013	0.008159191919
2314	0.9968469762	0.008158628402
2315	0.9968501453	0.008156028285
2316	0.996851421	0.008152467693
2317	0.9968539547	0.008148579299
2318	0.996853952	0.008148584042
2319	0.9968568354	0.008142020055
2320	0.9968568775	0.008141592666
2321	0.996857494	0.008138338931
2322	0.9968583187	0.008135696744
2323	0.9968663854	0.00812876113
2324	0.9968681347	0.008126579411
2325	0.9968682533	0.008124842076
2326	0.9968688972	0.008122120414
2327	0.9968722892	0.008118205052
2328	0.996872766	0.008116430668
2329	0.9968778224	0.008111916472
2330	0.99688086	0.0081051447
2331	0.9969076109	0.008071183707
2332	0.9969076708	0.008070544675
2333	0.9969194263	0.008059657329
2334	0.9969195725	0.008058730266
2335	0.9969201099	0.008055155654
2336	0.9969207789	0.008052357787
2337	0.9969244302	0.008048492643
2338	0.9969261504	0.008044492813
2339	0.9969261523	0.00804441976
2340	0.9969329913	0.008037683547
2341	0.9969357628	0.008031185399
2342	0.9969359523	0.00803010185
2343	0.9969361652	0.008028796981
2344	0.9969372287	0.008026782322
2345	0.996941003	0.00802212728
2346	0.9969472828	0.008009057747
2347	0.9969550356	0.007997297448
2348	0.9969580643	0.007991800185
2349	0.9969581868	0.007991090301
2350	0.9969588426	0.007988958754
2351	0.9969607545	0.007986171143
2352	0.9969651965	0.007978598314
2353	0.9969659953	0.007976631148
2354	0.9969661129	0.00797596218
2355	0.9969664077	0.007973379618
2356	0.9969665195	0.007972721489
2357	0.9969675158	0.007969475314
2358	0.9969694942	0.007967462244
2359	0.9969780738	0.007958254499
2360	0.9969818638	0.007951164611
2361	0.9969880755	0.007944247933
2362	0.9969881552	0.007943536788
2363	0.9969906222	0.007940812496
2364	0.9969906223	0.00794080977
2365	0.9969912178	0.007938173201
2366	0.997001409	0.007923501109
2367	0.9970015407	0.007922374523
2368	0.9970023394	0.007919548027
2369	0.9970043733	0.007915494357
2370	0.9970040306	0.007913628244
2371	0.9970046782	0.007910349276
2372	0.9970051743	0.007908622732
2373	0.9970053087	0.007907567776
2374	0.9970061188	0.007905715718
2375	0.9970122235	0.007898815985
2376	0.9970161161	0.007895300823
2377	0.9970167766	0.007893158728
2378	0.9970192643	0.007889009888
2379	0.9970192935	0.007888744969
2380	0.9970193553	0.00788841285
2381	0.9970199355	0.007885491236
2382	0.9970236631	0.007880543489
2383	0.9970239781	0.007879573199
2384	0.99702476	0.007875811374
2385	0.9970252156	0.007874611888
2386	0.9970252334	0.007874249423
2387	0.997025843	0.007871260454
2388	0.997025931	0.007870623175
2389	0.9970298571	0.007864932161
2390	0.9970441115	0.007844854298
2391	0.9970501501	0.00783737354
2392	0.9970541624	0.007832947611
2393	0.9970571388	0.007826378753
2394	0.9970573493	0.007825214111
2395	0.9970577504	0.00782303167
2396	0.9970579007	0.007822008136
2397	0.9970584926	0.007819938986
2398	0.9970585203	0.007819712319
2399	0.9970605442	0.00781640054
2400	0.9970612892	0.007815356224
2401	0.9970612923	0.007815294155
2402	0.9970631426	0.007812313042
2403	0.9970633229	0.007811436894
2404	0.9970636104	0.00781007699
2405	0.9970637248	0.007809302273
2406	0.9970638255	0.007808664964
2407	0.997068606	0.007799251698
2408	0.9970708146	0.007791850843
2409	0.9970715497	0.007788875501
2410	0.9970811348	0.007778312424
2411	0.9970811547	0.007778069601
2412	0.9970859283	0.007773229144
2413	0.9970865016	0.007771568823
2414	0.9970868587	0.007769726609
2415	0.9970869009	0.00776937936
2416	0.9970879212	0.007767618446
2417	0.997092686	0.007758699913
2418	0.9970926541	0.007757985245
2419	0.9970928588	0.007756819087
2420	0.9970998633	0.007752394454
2421	0.9971004375	0.007751074445
2422	0.9971015005	0.007748388989
2423	0.9971018579	0.007746564841
2424	0.9971115026	0.007739928192
2425	0.9971126483	0.007737564227
2426	0.9971127523	0.007736842898
2427	0.9971137082	0.007734225189
2428	0.9971183906	0.007724750637
2429	0.9971185013	0.007724305675
2430	0.9971216615	0.007717583668
2431	0.9971216616	0.007717581964
2432	0.9971221088	0.007715203739
2433	0.9971223209	0.007714184996
2434	0.9971271297	0.007703811208
2435	0.9971320986	0.007698969557
2436	0.9971324729	0.007697811345
2437	0.9971353981	0.007691774947
2438	0.9971420109	0.007677609163
2439	0.9971483193	0.007671026838
2440	0.9971491587	0.007667872026
2441	0.9971501868	0.007665091518
2442	0.9971540106	0.007660287638
2443	0.9971576501	0.007655158178
2444	0.9971596109	0.007650836578
2445	0.9971597733	0.007649577647
2446	0.9971598229	0.007649103704
2447	0.9971598239	0.007649085258
2448	0.9971616893	0.007643919116
2449	0.9971615458	0.007642910535
2450	0.9971631459	0.007640379694
2451	0.9971674502	0.0076365096
2452	0.9971698378	0.007632411025
2453	0.9971704266	0.007628831133
2454	0.9971708334	0.007625952381
2455	0.9971715464	0.007622035037
2456	0.997179555	0.007611058561
2457	0.9971793883	0.007610119656
2458	0.9971793961	0.007609838387
2459	0.9971949083	0.007586321503
2460	0.9971960328	0.007584033454
2461	0.9971976377	0.007579316589
2462	0.9971977317	0.007578600233
2463	0.997204864	0.007568988504
2464	0.9972049694	0.007568368674
2465	0.9972066156	0.007564370085
2466	0.9972071639	0.007562200303
2467	0.9972098909	0.007555721954
2468	0.9972099113	0.007555484026
2469	0.9972101361	0.007554281828
2470	0.9972114236	0.0075510726
2471	0.9972116365	0.007550247529
2472	0.9972142265	0.007546535295
2473	0.9972340101	0.007522298429
2474	0.9972434097	0.007512556987
2475	0.9972450831	0.007509936979
2476	0.9972452887	0.00750895892
2477	0.9972477811	0.007507014577
2478	0.9972500775	0.007503518943
2479	0.9972506278	0.00750158439
2480	0.9972508212	0.007500792127
2481	0.9972562746	0.007490073721
2482	0.9972606164	0.007483372188
2483	0.9972615151	0.007481226612
2484	0.9972615211	0.007481143889
2485	0.9972615247	0.007481093056
2486	0.9972623563	0.007478802225
2487	0.9972628152	0.007476381434
2488	0.997265263	0.007473852872
2489	0.9972679439	0.007472279654
2490	0.9972705036	0.007467091618
2491	0.9972707527	0.007466279145
2492	0.997276834	0.007458794201
2493	0.997278149	0.007453813751
2494	0.9972783128	0.007452541182
2495	0.9972858915	0.007445207304
2496	0.9972859218	0.007444937679
2497	0.99728675	0.007442746209
2498	0.9972883762	0.007441158034
2499	0.9972884166	0.007440948586
2500	0.9972890936	0.007438492379
2501	0.9972893546	0.007437167346
2502	0.9972894663	0.007436287289
2503	0.9972895014	0.007435992458
2504	0.997292901	0.007430768048
2505	0.9972984793	0.007418887027
2506	0.9972984803	0.007418835043
2507	0.9972989836	0.007415736635
2508	0.9972990498	0.00741535146
2509	0.9973004531	0.007412632734
2510	0.997302661	0.007410723875
2511	0.9973051753	0.007407910874
2512	0.9973070426	0.00740487933
2513	0.9973070686	0.00740352658
2514	0.9973102403	0.007397308072
2515	0.997311876	0.007395184764
2516	0.997325341	0.007380942888
2517	0.9973253416	0.007380931708
2518	0.9973253416	0.007380931648
2519	0.9973300754	0.00737412006
2520	0.997330331	0.007373394378
